text_id	task_2_preds
hasoc_hi_5061	NONE
hasoc_hi_2090	HATE
hasoc_hi_2960	PRFN
hasoc_hi_864	NONE
hasoc_hi_54	NONE
hasoc_hi_6768	HATE
hasoc_hi_163	NONE
hasoc_hi_1947	NONE
hasoc_hi_3842	NONE
hasoc_hi_7408	NONE
hasoc_hi_2771	PRFN
hasoc_hi_4052	HATE
hasoc_hi_6068	OFFN
hasoc_hi_715	HATE
hasoc_hi_2180	OFFN
hasoc_hi_2	PRFN
hasoc_hi_5233	NONE
hasoc_hi_770	NONE
hasoc_hi_6873	HATE
hasoc_hi_3409	HATE
hasoc_hi_447	HATE
hasoc_hi_6801	PRFN
hasoc_hi_5885	PRFN
hasoc_hi_7187	NONE
hasoc_hi_3396	PRFN
hasoc_hi_3936	OFFN
hasoc_hi_7459	NONE
hasoc_hi_5886	HATE
hasoc_hi_5936	NONE
hasoc_hi_7240	NONE
hasoc_hi_674	HATE
hasoc_hi_1882	OFFN
hasoc_hi_6073	NONE
hasoc_hi_1483	HATE
hasoc_hi_4033	NONE
hasoc_hi_6550	PRFN
hasoc_hi_19	NONE
hasoc_hi_5190	NONE
hasoc_hi_6431	OFFN
hasoc_hi_2596	OFFN
hasoc_hi_1438	PRFN
hasoc_hi_7192	PRFN
hasoc_hi_3183	NONE
hasoc_hi_5080	NONE
hasoc_hi_307	OFFN
hasoc_hi_2894	NONE
hasoc_hi_4747	NONE
hasoc_hi_677	HATE
hasoc_hi_6267	NONE
hasoc_hi_4551	NONE
hasoc_hi_197	NONE
hasoc_hi_3424	NONE
hasoc_hi_6980	NONE
hasoc_hi_4605	PRFN
hasoc_hi_6815	PRFN
hasoc_hi_5790	NONE
hasoc_hi_940	NONE
hasoc_hi_4200	HATE
hasoc_hi_396	HATE
hasoc_hi_7189	NONE
hasoc_hi_2052	HATE
hasoc_hi_5258	NONE
hasoc_hi_6578	NONE
hasoc_hi_3877	NONE
hasoc_hi_7486	NONE
hasoc_hi_3326	NONE
hasoc_hi_6013	PRFN
hasoc_hi_4621	NONE
hasoc_hi_7517	HATE
hasoc_hi_4367	NONE
hasoc_hi_6639	HATE
hasoc_hi_2377	PRFN
hasoc_hi_2600	NONE
hasoc_hi_4568	NONE
hasoc_hi_6614	NONE
hasoc_hi_5210	HATE
hasoc_hi_7496	HATE
hasoc_hi_3222	NONE
hasoc_hi_3418	NONE
hasoc_hi_1900	OFFN
hasoc_hi_4715	NONE
hasoc_hi_374	NONE
hasoc_hi_7461	PRFN
hasoc_hi_47	NONE
hasoc_hi_7654	PRFN
hasoc_hi_7412	NONE
hasoc_hi_3247	NONE
hasoc_hi_5804	OFFN
hasoc_hi_1886	HATE
hasoc_hi_6484	NONE
hasoc_hi_810	NONE
hasoc_hi_7474	NONE
hasoc_hi_3889	NONE
hasoc_hi_1184	OFFN
hasoc_hi_1210	NONE
hasoc_hi_314	NONE
hasoc_hi_68	NONE
hasoc_hi_6747	OFFN
hasoc_hi_5273	NONE
hasoc_hi_2924	NONE
hasoc_hi_5546	OFFN
hasoc_hi_6383	PRFN
hasoc_hi_5717	HATE
hasoc_hi_140	NONE
hasoc_hi_2853	NONE
hasoc_hi_6295	NONE
hasoc_hi_7252	NONE
hasoc_hi_3269	NONE
hasoc_hi_5151	PRFN
hasoc_hi_7713	OFFN
hasoc_hi_3970	NONE
hasoc_hi_3189	HATE
hasoc_hi_3698	NONE
hasoc_hi_5162	NONE
hasoc_hi_4315	PRFN
hasoc_hi_4432	NONE
hasoc_hi_1495	PRFN
hasoc_hi_2030	NONE
hasoc_hi_2166	NONE
hasoc_hi_963	NONE
hasoc_hi_6603	PRFN
hasoc_hi_2613	NONE
hasoc_hi_2720	NONE
hasoc_hi_7156	PRFN
hasoc_hi_1053	HATE
hasoc_hi_750	NONE
hasoc_hi_316	HATE
hasoc_hi_950	PRFN
hasoc_hi_3887	HATE
hasoc_hi_3438	NONE
hasoc_hi_7471	PRFN
hasoc_hi_55	NONE
hasoc_hi_609	NONE
hasoc_hi_5222	NONE
hasoc_hi_2433	NONE
hasoc_hi_733	NONE
hasoc_hi_2334	HATE
hasoc_hi_5480	NONE
hasoc_hi_521	PRFN
hasoc_hi_5632	NONE
hasoc_hi_3255	PRFN
hasoc_hi_5095	NONE
hasoc_hi_7623	NONE
hasoc_hi_7165	PRFN
hasoc_hi_2624	NONE
hasoc_hi_3261	NONE
hasoc_hi_5177	NONE
hasoc_hi_3929	PRFN
hasoc_hi_5186	HATE
hasoc_hi_6395	NONE
hasoc_hi_4515	NONE
hasoc_hi_1784	NONE
hasoc_hi_3286	PRFN
hasoc_hi_1850	NONE
hasoc_hi_6946	NONE
hasoc_hi_2368	NONE
hasoc_hi_6748	PRFN
hasoc_hi_3864	PRFN
hasoc_hi_3469	PRFN
hasoc_hi_2398	HATE
hasoc_hi_2937	NONE
hasoc_hi_2336	NONE
hasoc_hi_5037	NONE
hasoc_hi_5896	HATE
hasoc_hi_5370	PRFN
hasoc_hi_3777	NONE
hasoc_hi_2674	PRFN
hasoc_hi_6627	PRFN
hasoc_hi_4111	NONE
hasoc_hi_1926	PRFN
hasoc_hi_6086	NONE
hasoc_hi_3625	HATE
hasoc_hi_3149	HATE
hasoc_hi_2728	NONE
hasoc_hi_4127	PRFN
hasoc_hi_5298	OFFN
hasoc_hi_7414	NONE
hasoc_hi_4553	NONE
hasoc_hi_5083	NONE
hasoc_hi_2890	NONE
hasoc_hi_6895	NONE
hasoc_hi_1233	NONE
hasoc_hi_4982	NONE
hasoc_hi_5649	PRFN
hasoc_hi_6649	OFFN
hasoc_hi_7662	NONE
hasoc_hi_2706	OFFN
hasoc_hi_834	PRFN
hasoc_hi_3660	NONE
hasoc_hi_5705	NONE
hasoc_hi_6686	PRFN
hasoc_hi_6852	NONE
hasoc_hi_321	NONE
hasoc_hi_2228	PRFN
hasoc_hi_6107	NONE
hasoc_hi_2672	NONE
hasoc_hi_884	NONE
hasoc_hi_5914	HATE
hasoc_hi_1344	PRFN
hasoc_hi_2391	HATE
hasoc_hi_3930	NONE
hasoc_hi_1654	PRFN
hasoc_hi_6412	OFFN
hasoc_hi_525	NONE
hasoc_hi_5197	HATE
hasoc_hi_3578	HATE
hasoc_hi_2816	PRFN
hasoc_hi_6934	HATE
hasoc_hi_1953	NONE
hasoc_hi_2284	PRFN
hasoc_hi_7357	HATE
hasoc_hi_34	NONE
hasoc_hi_6203	PRFN
hasoc_hi_1232	OFFN
hasoc_hi_5873	NONE
hasoc_hi_5398	NONE
hasoc_hi_2485	NONE
hasoc_hi_4201	PRFN
hasoc_hi_2217	NONE
hasoc_hi_5942	NONE
hasoc_hi_1247	NONE
hasoc_hi_1964	OFFN
hasoc_hi_4949	HATE
hasoc_hi_4617	NONE
hasoc_hi_6314	NONE
hasoc_hi_596	NONE
hasoc_hi_3779	NONE
hasoc_hi_7665	NONE
hasoc_hi_6991	NONE
hasoc_hi_7489	NONE
hasoc_hi_4143	HATE
hasoc_hi_5789	HATE
hasoc_hi_7587	NONE
hasoc_hi_4961	NONE
hasoc_hi_4555	PRFN
hasoc_hi_1137	PRFN
hasoc_hi_5268	PRFN
hasoc_hi_2744	HATE
hasoc_hi_1995	NONE
hasoc_hi_3714	HATE
hasoc_hi_6136	PRFN
hasoc_hi_7063	HATE
hasoc_hi_3248	PRFN
hasoc_hi_6810	NONE
hasoc_hi_5722	NONE
hasoc_hi_6678	PRFN
hasoc_hi_3831	HATE
hasoc_hi_1924	HATE
hasoc_hi_1146	OFFN
hasoc_hi_4777	PRFN
hasoc_hi_1356	NONE
hasoc_hi_5770	OFFN
hasoc_hi_7049	NONE
hasoc_hi_3188	HATE
hasoc_hi_1342	NONE
hasoc_hi_7636	NONE
hasoc_hi_4257	OFFN
hasoc_hi_5316	NONE
hasoc_hi_7755	NONE
hasoc_hi_3735	PRFN
hasoc_hi_5207	NONE
hasoc_hi_4460	HATE
hasoc_hi_1740	NONE
hasoc_hi_3021	HATE
hasoc_hi_5828	PRFN
hasoc_hi_2457	HATE
hasoc_hi_4121	PRFN
hasoc_hi_5417	HATE
hasoc_hi_5094	HATE
hasoc_hi_3370	NONE
hasoc_hi_5732	PRFN
hasoc_hi_3383	NONE
hasoc_hi_4172	OFFN
hasoc_hi_4452	NONE
hasoc_hi_6679	NONE
hasoc_hi_7756	HATE
hasoc_hi_3925	PRFN
hasoc_hi_3278	NONE
hasoc_hi_2645	PRFN
hasoc_hi_3581	PRFN
hasoc_hi_3090	NONE
hasoc_hi_2792	PRFN
hasoc_hi_7545	NONE
hasoc_hi_6827	NONE
hasoc_hi_2726	OFFN
hasoc_hi_4774	NONE
hasoc_hi_6324	NONE
hasoc_hi_7770	HATE
hasoc_hi_5531	OFFN
hasoc_hi_6470	NONE
hasoc_hi_2774	NONE
hasoc_hi_5979	PRFN
hasoc_hi_3967	OFFN
hasoc_hi_7460	NONE
hasoc_hi_3805	NONE
hasoc_hi_6392	NONE
hasoc_hi_4598	HATE
hasoc_hi_4904	PRFN
hasoc_hi_2471	OFFN
hasoc_hi_2455	HATE
hasoc_hi_3868	NONE
hasoc_hi_4178	PRFN
hasoc_hi_2871	NONE
hasoc_hi_3722	HATE
hasoc_hi_2614	NONE
hasoc_hi_2552	PRFN
hasoc_hi_4881	HATE
hasoc_hi_2337	HATE
hasoc_hi_6081	PRFN
hasoc_hi_809	OFFN
hasoc_hi_6540	HATE
hasoc_hi_173	NONE
hasoc_hi_7023	OFFN
hasoc_hi_7320	NONE
hasoc_hi_923	PRFN
hasoc_hi_5554	NONE
hasoc_hi_506	PRFN
hasoc_hi_7199	NONE
hasoc_hi_5097	PRFN
hasoc_hi_4101	NONE
hasoc_hi_883	NONE
hasoc_hi_3492	NONE
hasoc_hi_6360	NONE
hasoc_hi_3161	NONE
hasoc_hi_1813	NONE
hasoc_hi_4819	NONE
hasoc_hi_5408	NONE
hasoc_hi_5550	NONE
hasoc_hi_248	PRFN
hasoc_hi_5120	PRFN
hasoc_hi_4447	NONE
hasoc_hi_3626	NONE
hasoc_hi_4626	NONE
hasoc_hi_1958	HATE
hasoc_hi_1580	OFFN
hasoc_hi_5349	HATE
hasoc_hi_3265	NONE
hasoc_hi_2875	NONE
hasoc_hi_3382	HATE
hasoc_hi_589	NONE
hasoc_hi_7594	PRFN
hasoc_hi_74	PRFN
hasoc_hi_6525	HATE
hasoc_hi_7014	HATE
hasoc_hi_2921	PRFN
hasoc_hi_3442	OFFN
hasoc_hi_3373	NONE
hasoc_hi_3271	NONE
hasoc_hi_7429	NONE
hasoc_hi_2415	HATE
hasoc_hi_4997	NONE
hasoc_hi_1626	HATE
hasoc_hi_7581	NONE
hasoc_hi_4951	PRFN
hasoc_hi_397	HATE
hasoc_hi_1933	NONE
hasoc_hi_4671	HATE
hasoc_hi_1949	NONE
hasoc_hi_5313	NONE
hasoc_hi_7128	HATE
hasoc_hi_5783	PRFN
hasoc_hi_7630	NONE
hasoc_hi_4359	PRFN
hasoc_hi_7191	OFFN
hasoc_hi_3283	PRFN
hasoc_hi_3898	NONE
hasoc_hi_2684	PRFN
hasoc_hi_4810	OFFN
hasoc_hi_5010	PRFN
hasoc_hi_2110	NONE
hasoc_hi_3292	HATE
hasoc_hi_602	NONE
hasoc_hi_363	NONE
hasoc_hi_2848	PRFN
hasoc_hi_3619	HATE
hasoc_hi_2790	PRFN
hasoc_hi_183	NONE
hasoc_hi_6906	NONE
hasoc_hi_2809	NONE
hasoc_hi_1559	NONE
hasoc_hi_2643	NONE
hasoc_hi_3451	NONE
hasoc_hi_2416	NONE
hasoc_hi_583	NONE
hasoc_hi_4066	NONE
hasoc_hi_5033	NONE
hasoc_hi_4120	PRFN
hasoc_hi_6617	HATE
hasoc_hi_2252	NONE
hasoc_hi_5712	NONE
hasoc_hi_4876	PRFN
hasoc_hi_5602	NONE
hasoc_hi_6657	NONE
hasoc_hi_846	NONE
hasoc_hi_4299	NONE
hasoc_hi_4589	NONE
hasoc_hi_3154	NONE
hasoc_hi_1265	NONE
hasoc_hi_3330	PRFN
hasoc_hi_5716	OFFN
hasoc_hi_5817	HATE
hasoc_hi_5392	OFFN
hasoc_hi_7405	PRFN
hasoc_hi_7761	NONE
hasoc_hi_1936	NONE
hasoc_hi_782	PRFN
hasoc_hi_5589	NONE
hasoc_hi_5035	HATE
hasoc_hi_4788	NONE
hasoc_hi_5641	PRFN
hasoc_hi_3784	NONE
hasoc_hi_3607	OFFN
hasoc_hi_3395	PRFN
hasoc_hi_4672	NONE
hasoc_hi_7176	NONE
hasoc_hi_2606	OFFN
hasoc_hi_2971	NONE
hasoc_hi_1308	NONE
hasoc_hi_1701	NONE
hasoc_hi_4293	OFFN
hasoc_hi_7004	PRFN
hasoc_hi_4473	NONE
hasoc_hi_4722	PRFN
hasoc_hi_6662	NONE
hasoc_hi_7383	NONE
hasoc_hi_6429	PRFN
hasoc_hi_1544	PRFN
hasoc_hi_7415	NONE
hasoc_hi_3559	NONE
hasoc_hi_5902	NONE
hasoc_hi_4085	PRFN
hasoc_hi_6660	NONE
hasoc_hi_5678	PRFN
hasoc_hi_3233	PRFN
hasoc_hi_6105	OFFN
hasoc_hi_4176	NONE
hasoc_hi_7167	NONE
hasoc_hi_223	NONE
hasoc_hi_4763	HATE
hasoc_hi_868	HATE
hasoc_hi_1622	NONE
hasoc_hi_7642	PRFN
hasoc_hi_7070	HATE
hasoc_hi_958	PRFN
hasoc_hi_2395	HATE
hasoc_hi_3978	OFFN
hasoc_hi_4576	PRFN
hasoc_hi_1343	PRFN
hasoc_hi_5153	NONE
hasoc_hi_1079	NONE
hasoc_hi_780	NONE
hasoc_hi_5855	NONE
hasoc_hi_5422	OFFN
hasoc_hi_6042	NONE
hasoc_hi_1298	HATE
hasoc_hi_5270	HATE
hasoc_hi_545	NONE
hasoc_hi_7750	PRFN
hasoc_hi_3910	PRFN
hasoc_hi_4027	NONE
hasoc_hi_3127	NONE
hasoc_hi_3196	PRFN
hasoc_hi_2686	PRFN
hasoc_hi_2310	PRFN
hasoc_hi_319	NONE
hasoc_hi_7423	NONE
hasoc_hi_2279	NONE
hasoc_hi_2333	PRFN
hasoc_hi_138	HATE
hasoc_hi_3522	NONE
hasoc_hi_3239	NONE
hasoc_hi_2035	NONE
hasoc_hi_4497	OFFN
hasoc_hi_4065	NONE
hasoc_hi_2936	OFFN
hasoc_hi_182	NONE
hasoc_hi_52	NONE
hasoc_hi_2633	NONE
hasoc_hi_2550	NONE
hasoc_hi_1133	NONE
hasoc_hi_5541	NONE
hasoc_hi_4319	OFFN
hasoc_hi_7737	PRFN
hasoc_hi_2200	HATE
hasoc_hi_1105	NONE
hasoc_hi_6702	HATE
hasoc_hi_6269	OFFN
hasoc_hi_7279	PRFN
hasoc_hi_708	HATE
hasoc_hi_2306	NONE
hasoc_hi_153	OFFN
hasoc_hi_573	NONE
hasoc_hi_6677	HATE
hasoc_hi_7596	NONE
hasoc_hi_4868	NONE
hasoc_hi_7117	NONE
hasoc_hi_680	NONE
hasoc_hi_2134	OFFN
hasoc_hi_1874	NONE
hasoc_hi_5963	NONE
hasoc_hi_5952	NONE
hasoc_hi_4307	OFFN
hasoc_hi_415	PRFN
hasoc_hi_1775	NONE
hasoc_hi_4768	NONE
hasoc_hi_3267	HATE
hasoc_hi_5371	PRFN
hasoc_hi_7525	OFFN
hasoc_hi_3142	HATE
hasoc_hi_3193	PRFN
hasoc_hi_1768	PRFN
hasoc_hi_2065	PRFN
hasoc_hi_139	OFFN
hasoc_hi_1391	NONE
hasoc_hi_761	HATE
hasoc_hi_2861	HATE
hasoc_hi_6191	OFFN
hasoc_hi_6369	PRFN
hasoc_hi_1978	NONE
hasoc_hi_6420	NONE
hasoc_hi_7179	NONE
hasoc_hi_3297	PRFN
hasoc_hi_585	NONE
hasoc_hi_1604	NONE
hasoc_hi_6388	NONE
hasoc_hi_1285	NONE
hasoc_hi_6009	PRFN
hasoc_hi_3055	HATE
hasoc_hi_2195	PRFN
hasoc_hi_4758	NONE
hasoc_hi_5986	OFFN
hasoc_hi_6442	NONE
hasoc_hi_5940	NONE
hasoc_hi_2148	NONE
hasoc_hi_3258	NONE
hasoc_hi_7106	OFFN
hasoc_hi_7118	NONE
hasoc_hi_584	HATE
hasoc_hi_6879	NONE
hasoc_hi_165	NONE
hasoc_hi_403	PRFN
hasoc_hi_3232	OFFN
hasoc_hi_16	NONE
hasoc_hi_4313	PRFN
hasoc_hi_4779	NONE
hasoc_hi_6602	OFFN
hasoc_hi_5853	OFFN
hasoc_hi_2800	HATE
hasoc_hi_5045	PRFN
hasoc_hi_594	NONE
hasoc_hi_1876	PRFN
hasoc_hi_1997	NONE
hasoc_hi_3499	PRFN
hasoc_hi_7684	PRFN
hasoc_hi_7653	OFFN
hasoc_hi_1234	PRFN
hasoc_hi_636	NONE
hasoc_hi_5876	NONE
hasoc_hi_2621	NONE
hasoc_hi_1514	OFFN
hasoc_hi_3207	NONE
hasoc_hi_4439	NONE
hasoc_hi_6824	NONE
hasoc_hi_1963	NONE
hasoc_hi_1907	NONE
hasoc_hi_6553	NONE
hasoc_hi_2023	NONE
hasoc_hi_7547	NONE
hasoc_hi_7706	HATE
hasoc_hi_1651	NONE
hasoc_hi_512	NONE
hasoc_hi_399	NONE
hasoc_hi_7639	NONE
hasoc_hi_4288	NONE
hasoc_hi_2302	HATE
hasoc_hi_4569	NONE
hasoc_hi_4399	NONE
hasoc_hi_4692	OFFN
hasoc_hi_6832	NONE
hasoc_hi_7418	NONE
hasoc_hi_7183	HATE
hasoc_hi_4707	NONE
hasoc_hi_313	PRFN
hasoc_hi_450	OFFN
hasoc_hi_5438	HATE
hasoc_hi_1282	PRFN
hasoc_hi_6333	OFFN
hasoc_hi_5926	OFFN
hasoc_hi_5989	HATE
hasoc_hi_797	HATE
hasoc_hi_3067	PRFN
hasoc_hi_3750	NONE
hasoc_hi_2115	NONE
hasoc_hi_3031	HATE
hasoc_hi_1585	HATE
hasoc_hi_3942	OFFN
hasoc_hi_2063	OFFN
hasoc_hi_3105	PRFN
hasoc_hi_6517	HATE
hasoc_hi_3927	PRFN
hasoc_hi_3557	PRFN
hasoc_hi_1928	NONE
hasoc_hi_5450	NONE
hasoc_hi_2219	OFFN
hasoc_hi_2537	NONE
hasoc_hi_4858	NONE
hasoc_hi_4061	HATE
hasoc_hi_158	NONE
hasoc_hi_4720	NONE
hasoc_hi_3156	NONE
hasoc_hi_1158	NONE
hasoc_hi_6526	NONE
hasoc_hi_6204	HATE
hasoc_hi_7116	NONE
hasoc_hi_3582	NONE
hasoc_hi_3425	NONE
hasoc_hi_2004	PRFN
hasoc_hi_2064	NONE
hasoc_hi_5012	NONE
hasoc_hi_6595	PRFN
hasoc_hi_4610	PRFN
hasoc_hi_2919	PRFN
hasoc_hi_1632	PRFN
hasoc_hi_1839	NONE
hasoc_hi_1253	NONE
hasoc_hi_4251	HATE
hasoc_hi_2318	PRFN
hasoc_hi_6164	NONE
hasoc_hi_6734	HATE
hasoc_hi_1149	HATE
hasoc_hi_6848	NONE
hasoc_hi_4507	HATE
hasoc_hi_1012	NONE
hasoc_hi_1062	NONE
hasoc_hi_5703	PRFN
hasoc_hi_7699	HATE
hasoc_hi_2987	HATE
hasoc_hi_3749	NONE
hasoc_hi_2551	NONE
hasoc_hi_7780	NONE
hasoc_hi_4309	NONE
hasoc_hi_1553	OFFN
hasoc_hi_444	NONE
hasoc_hi_3596	NONE
hasoc_hi_6629	PRFN
hasoc_hi_5254	PRFN
hasoc_hi_3180	PRFN
hasoc_hi_2657	NONE
hasoc_hi_7000	HATE
hasoc_hi_352	NONE
hasoc_hi_3186	NONE
hasoc_hi_1719	NONE
hasoc_hi_5063	NONE
hasoc_hi_1073	NONE
hasoc_hi_5774	NONE
hasoc_hi_2677	PRFN
hasoc_hi_3994	NONE
hasoc_hi_2548	NONE
hasoc_hi_4012	HATE
hasoc_hi_3671	PRFN
hasoc_hi_5823	OFFN
hasoc_hi_3511	PRFN
hasoc_hi_3453	PRFN
hasoc_hi_4301	NONE
hasoc_hi_5693	HATE
hasoc_hi_2295	NONE
hasoc_hi_1685	NONE
hasoc_hi_317	PRFN
hasoc_hi_3979	NONE
hasoc_hi_1894	PRFN
hasoc_hi_6997	OFFN
hasoc_hi_1335	NONE
hasoc_hi_3687	NONE
hasoc_hi_2535	PRFN
hasoc_hi_5661	NONE
hasoc_hi_4427	NONE
hasoc_hi_2218	OFFN
hasoc_hi_1249	NONE
hasoc_hi_1938	NONE
hasoc_hi_2671	PRFN
hasoc_hi_5980	HATE
hasoc_hi_388	HATE
hasoc_hi_7778	NONE
hasoc_hi_334	HATE
hasoc_hi_5672	PRFN
hasoc_hi_5390	NONE
hasoc_hi_6917	NONE
hasoc_hi_4130	PRFN
hasoc_hi_1272	NONE
hasoc_hi_5574	NONE
hasoc_hi_3106	PRFN
hasoc_hi_2240	NONE
hasoc_hi_2441	HATE
hasoc_hi_5690	HATE
hasoc_hi_1916	PRFN
hasoc_hi_4911	PRFN
hasoc_hi_3857	HATE
hasoc_hi_5861	NONE
hasoc_hi_2432	PRFN
hasoc_hi_3220	NONE
hasoc_hi_6125	PRFN
hasoc_hi_4957	NONE
hasoc_hi_3164	PRFN
hasoc_hi_5453	HATE
hasoc_hi_394	NONE
hasoc_hi_7760	NONE
hasoc_hi_1354	NONE
hasoc_hi_3197	NONE
hasoc_hi_5374	PRFN
hasoc_hi_3966	NONE
hasoc_hi_1121	NONE
hasoc_hi_502	NONE
hasoc_hi_5596	NONE
hasoc_hi_7343	NONE
hasoc_hi_3965	HATE
hasoc_hi_1971	NONE
hasoc_hi_2973	NONE
hasoc_hi_4383	HATE
hasoc_hi_3294	PRFN
hasoc_hi_254	PRFN
hasoc_hi_4925	OFFN
hasoc_hi_2404	PRFN
hasoc_hi_1847	NONE
hasoc_hi_2534	NONE
hasoc_hi_7226	NONE
hasoc_hi_3590	PRFN
hasoc_hi_4713	NONE
hasoc_hi_2221	NONE
hasoc_hi_472	NONE
hasoc_hi_1833	NONE
hasoc_hi_2869	HATE
hasoc_hi_7355	NONE
hasoc_hi_5765	OFFN
hasoc_hi_5439	NONE
hasoc_hi_1646	NONE
hasoc_hi_6646	NONE
hasoc_hi_7430	HATE
hasoc_hi_4329	NONE
hasoc_hi_3221	PRFN
hasoc_hi_22	HATE
hasoc_hi_5607	HATE
hasoc_hi_5335	PRFN
hasoc_hi_6223	NONE
hasoc_hi_6321	HATE
hasoc_hi_2347	PRFN
hasoc_hi_4780	NONE
hasoc_hi_7327	HATE
hasoc_hi_774	HATE
hasoc_hi_2754	NONE
hasoc_hi_2806	NONE
hasoc_hi_7152	HATE
hasoc_hi_4897	OFFN
hasoc_hi_1688	NONE
hasoc_hi_1428	NONE
hasoc_hi_4850	PRFN
hasoc_hi_2675	NONE
hasoc_hi_3963	NONE
hasoc_hi_5727	HATE
hasoc_hi_5670	NONE
hasoc_hi_2184	HATE
hasoc_hi_3432	NONE
hasoc_hi_6361	NONE
hasoc_hi_421	NONE
hasoc_hi_1642	PRFN
hasoc_hi_6478	NONE
hasoc_hi_3793	HATE
hasoc_hi_5363	OFFN
hasoc_hi_5651	HATE
hasoc_hi_5918	OFFN
hasoc_hi_3752	OFFN
hasoc_hi_2430	HATE
hasoc_hi_122	PRFN
hasoc_hi_1517	PRFN
hasoc_hi_4748	HATE
hasoc_hi_1427	NONE
hasoc_hi_7040	HATE
hasoc_hi_6193	PRFN
hasoc_hi_3335	NONE
hasoc_hi_2157	PRFN
hasoc_hi_894	NONE
hasoc_hi_17	PRFN
hasoc_hi_1674	PRFN
hasoc_hi_6397	NONE
hasoc_hi_289	PRFN
hasoc_hi_3988	HATE
hasoc_hi_6963	PRFN
hasoc_hi_2263	HATE
hasoc_hi_5548	PRFN
hasoc_hi_4812	HATE
hasoc_hi_7047	OFFN
hasoc_hi_2977	PRFN
hasoc_hi_2923	PRFN
hasoc_hi_7533	NONE
hasoc_hi_6533	NONE
hasoc_hi_2041	NONE
hasoc_hi_1436	NONE
hasoc_hi_38	NONE
hasoc_hi_1393	NONE
hasoc_hi_817	PRFN
hasoc_hi_5513	NONE
hasoc_hi_3572	NONE
hasoc_hi_4326	NONE
hasoc_hi_1183	NONE
hasoc_hi_7305	NONE
hasoc_hi_125	NONE
hasoc_hi_7287	PRFN
hasoc_hi_95	HATE
hasoc_hi_3990	PRFN
hasoc_hi_4647	HATE
hasoc_hi_494	NONE
hasoc_hi_7687	PRFN
hasoc_hi_1793	NONE
hasoc_hi_2942	PRFN
hasoc_hi_2227	NONE
hasoc_hi_6543	OFFN
hasoc_hi_1779	OFFN
hasoc_hi_4889	NONE
hasoc_hi_6674	NONE
hasoc_hi_4914	NONE
hasoc_hi_2719	PRFN
hasoc_hi_1633	NONE
hasoc_hi_13	HATE
hasoc_hi_1395	NONE
hasoc_hi_3624	NONE
hasoc_hi_6505	PRFN
hasoc_hi_3352	NONE
hasoc_hi_4242	NONE
hasoc_hi_2740	HATE
hasoc_hi_4058	NONE
hasoc_hi_4467	NONE
hasoc_hi_6039	NONE
hasoc_hi_916	HATE
hasoc_hi_4679	NONE
hasoc_hi_4216	HATE
hasoc_hi_4185	HATE
hasoc_hi_4966	HATE
hasoc_hi_3364	HATE
hasoc_hi_4009	NONE
hasoc_hi_7782	NONE
hasoc_hi_4574	PRFN
hasoc_hi_1283	HATE
hasoc_hi_3095	NONE
hasoc_hi_6342	NONE
hasoc_hi_3146	PRFN
hasoc_hi_7458	HATE
hasoc_hi_5246	HATE
hasoc_hi_6675	HATE
hasoc_hi_4967	NONE
hasoc_hi_3686	PRFN
hasoc_hi_776	HATE
hasoc_hi_6037	HATE
hasoc_hi_305	PRFN
hasoc_hi_1733	NONE
hasoc_hi_4382	PRFN
hasoc_hi_6585	OFFN
hasoc_hi_4809	HATE
hasoc_hi_227	PRFN
hasoc_hi_6401	NONE
hasoc_hi_7566	NONE
hasoc_hi_3778	OFFN
hasoc_hi_6003	NONE
hasoc_hi_3812	PRFN
hasoc_hi_1524	NONE
hasoc_hi_6328	PRFN
hasoc_hi_837	HATE
hasoc_hi_5502	NONE
hasoc_hi_2051	HATE
hasoc_hi_3224	NONE
hasoc_hi_1235	NONE
hasoc_hi_2785	NONE
hasoc_hi_3795	HATE
hasoc_hi_5115	NONE
hasoc_hi_5587	NONE
hasoc_hi_6688	NONE
hasoc_hi_3567	NONE
hasoc_hi_2105	NONE
hasoc_hi_5845	NONE
hasoc_hi_3392	NONE
hasoc_hi_3501	NONE
hasoc_hi_3558	PRFN
hasoc_hi_4097	PRFN
hasoc_hi_4118	HATE
hasoc_hi_7494	NONE
hasoc_hi_7220	NONE
hasoc_hi_7482	NONE
hasoc_hi_1584	NONE
hasoc_hi_1219	NONE
hasoc_hi_4524	NONE
hasoc_hi_640	PRFN
hasoc_hi_1606	OFFN
hasoc_hi_6960	PRFN
hasoc_hi_3365	NONE
hasoc_hi_7387	NONE
hasoc_hi_2648	HATE
hasoc_hi_2424	NONE
hasoc_hi_3103	NONE
hasoc_hi_6012	NONE
hasoc_hi_2525	HATE
hasoc_hi_3867	NONE
hasoc_hi_7130	OFFN
hasoc_hi_1628	HATE
hasoc_hi_6308	PRFN
hasoc_hi_6067	PRFN
hasoc_hi_5076	NONE
hasoc_hi_611	NONE
hasoc_hi_821	NONE
hasoc_hi_272	NONE
hasoc_hi_1507	HATE
hasoc_hi_5449	PRFN
hasoc_hi_247	NONE
hasoc_hi_2852	PRFN
hasoc_hi_2755	HATE
hasoc_hi_392	OFFN
hasoc_hi_2727	NONE
hasoc_hi_2798	PRFN
hasoc_hi_730	NONE
hasoc_hi_2453	HATE
hasoc_hi_6712	HATE
hasoc_hi_7129	OFFN
hasoc_hi_5443	NONE
hasoc_hi_6029	PRFN
hasoc_hi_1811	NONE
hasoc_hi_4183	NONE
hasoc_hi_3738	HATE
hasoc_hi_7638	NONE
hasoc_hi_2603	NONE
hasoc_hi_7402	NONE
hasoc_hi_1867	NONE
hasoc_hi_1804	HATE
hasoc_hi_431	OFFN
hasoc_hi_5547	NONE
hasoc_hi_2345	NONE
hasoc_hi_6297	HATE
hasoc_hi_5782	NONE
hasoc_hi_5331	PRFN
hasoc_hi_1712	PRFN
hasoc_hi_3038	HATE
hasoc_hi_4922	PRFN
hasoc_hi_7417	NONE
hasoc_hi_1883	NONE
hasoc_hi_5133	PRFN
hasoc_hi_866	PRFN
hasoc_hi_6776	NONE
hasoc_hi_960	PRFN
hasoc_hi_234	NONE
hasoc_hi_5545	NONE
hasoc_hi_410	NONE
hasoc_hi_689	OFFN
hasoc_hi_3775	NONE
hasoc_hi_65	NONE
hasoc_hi_5612	OFFN
hasoc_hi_2593	HATE
hasoc_hi_5058	HATE
hasoc_hi_4291	HATE
hasoc_hi_7272	NONE
hasoc_hi_5711	PRFN
hasoc_hi_7333	NONE
hasoc_hi_7420	HATE
hasoc_hi_1570	NONE
hasoc_hi_3543	PRFN
hasoc_hi_7349	PRFN
hasoc_hi_1169	PRFN
hasoc_hi_4395	NONE
hasoc_hi_6521	NONE
hasoc_hi_3608	NONE
hasoc_hi_2738	HATE
hasoc_hi_6770	NONE
hasoc_hi_1321	PRFN
hasoc_hi_2343	NONE
hasoc_hi_5738	NONE
hasoc_hi_3206	PRFN
hasoc_hi_1160	NONE
hasoc_hi_4335	NONE
hasoc_hi_4638	NONE
hasoc_hi_1605	NONE
hasoc_hi_1885	PRFN
hasoc_hi_1676	PRFN
hasoc_hi_2212	NONE
hasoc_hi_5956	NONE
hasoc_hi_293	NONE
hasoc_hi_7389	NONE
hasoc_hi_1555	OFFN
hasoc_hi_882	OFFN
hasoc_hi_2225	NONE
hasoc_hi_6410	PRFN
hasoc_hi_4791	NONE
hasoc_hi_1450	HATE
hasoc_hi_2114	NONE
hasoc_hi_6179	NONE
hasoc_hi_359	OFFN
hasoc_hi_4147	HATE
hasoc_hi_4149	PRFN
hasoc_hi_7284	NONE
hasoc_hi_1903	HATE
hasoc_hi_1510	NONE
hasoc_hi_625	NONE
hasoc_hi_2508	NONE
hasoc_hi_1316	PRFN
hasoc_hi_6591	NONE
hasoc_hi_437	HATE
hasoc_hi_6495	NONE
hasoc_hi_4683	NONE
hasoc_hi_3500	NONE
hasoc_hi_1931	HATE
hasoc_hi_6074	NONE
hasoc_hi_4207	NONE
hasoc_hi_6680	HATE
hasoc_hi_5393	OFFN
hasoc_hi_1156	NONE
hasoc_hi_4702	PRFN
hasoc_hi_6987	HATE
hasoc_hi_2887	NONE
hasoc_hi_5535	PRFN
hasoc_hi_1786	NONE
hasoc_hi_1994	NONE
hasoc_hi_324	NONE
hasoc_hi_3323	NONE
hasoc_hi_4303	NONE
hasoc_hi_2141	NONE
hasoc_hi_4221	NONE
hasoc_hi_7727	NONE
hasoc_hi_1291	OFFN
hasoc_hi_4675	NONE
hasoc_hi_2741	OFFN
hasoc_hi_2152	NONE
hasoc_hi_5893	NONE
hasoc_hi_4736	NONE
hasoc_hi_1664	NONE
hasoc_hi_1898	NONE
hasoc_hi_7315	NONE
hasoc_hi_7280	NONE
hasoc_hi_2156	NONE
hasoc_hi_482	NONE
hasoc_hi_2186	NONE
hasoc_hi_4636	PRFN
hasoc_hi_1764	NONE
hasoc_hi_6115	PRFN
hasoc_hi_6552	NONE
hasoc_hi_1591	NONE
hasoc_hi_5274	NONE
hasoc_hi_6497	NONE
hasoc_hi_1672	HATE
hasoc_hi_857	PRFN
hasoc_hi_590	NONE
hasoc_hi_498	NONE
hasoc_hi_7330	NONE
hasoc_hi_2009	NONE
hasoc_hi_6867	NONE
hasoc_hi_5720	NONE
hasoc_hi_228	NONE
hasoc_hi_6221	NONE
hasoc_hi_349	NONE
hasoc_hi_2901	NONE
hasoc_hi_653	PRFN
hasoc_hi_648	NONE
hasoc_hi_2588	NONE
hasoc_hi_1829	HATE
hasoc_hi_1755	NONE
hasoc_hi_7271	PRFN
hasoc_hi_7633	PRFN
hasoc_hi_6974	OFFN
hasoc_hi_928	HATE
hasoc_hi_4792	HATE
hasoc_hi_5504	NONE
hasoc_hi_4933	NONE
hasoc_hi_536	NONE
hasoc_hi_3923	NONE
hasoc_hi_6195	NONE
hasoc_hi_3316	OFFN
hasoc_hi_4358	OFFN
hasoc_hi_6871	OFFN
hasoc_hi_3107	HATE
hasoc_hi_4522	NONE
hasoc_hi_6919	NONE
hasoc_hi_6162	NONE
hasoc_hi_5549	NONE
hasoc_hi_6198	NONE
hasoc_hi_1565	OFFN
hasoc_hi_4108	PRFN
hasoc_hi_7622	PRFN
hasoc_hi_1297	HATE
hasoc_hi_5792	NONE
hasoc_hi_3727	NONE
hasoc_hi_7400	HATE
hasoc_hi_3760	PRFN
hasoc_hi_3295	NONE
hasoc_hi_385	NONE
hasoc_hi_6453	NONE
hasoc_hi_1906	NONE
hasoc_hi_4285	NONE
hasoc_hi_1728	PRFN
hasoc_hi_5620	NONE
hasoc_hi_4361	HATE
hasoc_hi_811	NONE
hasoc_hi_1331	HATE
hasoc_hi_1457	NONE
hasoc_hi_6567	NONE
hasoc_hi_2047	NONE
hasoc_hi_6988	PRFN
hasoc_hi_5013	PRFN
hasoc_hi_1480	HATE
hasoc_hi_1681	HATE
hasoc_hi_2646	NONE
hasoc_hi_7072	PRFN
hasoc_hi_3024	PRFN
hasoc_hi_5340	NONE
hasoc_hi_5507	NONE
hasoc_hi_7540	PRFN
hasoc_hi_7182	OFFN
hasoc_hi_4424	PRFN
hasoc_hi_3504	HATE
hasoc_hi_5321	NONE
hasoc_hi_2913	PRFN
hasoc_hi_1734	NONE
hasoc_hi_2117	NONE
hasoc_hi_2561	NONE
hasoc_hi_333	NONE
hasoc_hi_3533	OFFN
hasoc_hi_5437	HATE
hasoc_hi_7242	PRFN
hasoc_hi_4970	NONE
hasoc_hi_3513	PRFN
hasoc_hi_5474	NONE
hasoc_hi_5225	NONE
hasoc_hi_1173	NONE
hasoc_hi_1141	PRFN
hasoc_hi_327	HATE
hasoc_hi_5747	PRFN
hasoc_hi_7016	NONE
hasoc_hi_2786	PRFN
hasoc_hi_5320	HATE
hasoc_hi_4079	NONE
hasoc_hi_1765	HATE
hasoc_hi_187	NONE
hasoc_hi_4899	NONE
hasoc_hi_682	NONE
hasoc_hi_6157	NONE
hasoc_hi_5922	PRFN
hasoc_hi_1198	PRFN
hasoc_hi_279	PRFN
hasoc_hi_1981	PRFN
hasoc_hi_2619	PRFN
hasoc_hi_2224	NONE
hasoc_hi_1709	PRFN
hasoc_hi_2649	HATE
hasoc_hi_4141	PRFN
hasoc_hi_687	HATE
hasoc_hi_2112	PRFN
hasoc_hi_6548	NONE
hasoc_hi_5198	NONE
hasoc_hi_5798	PRFN
hasoc_hi_4661	NONE
hasoc_hi_3697	NONE
hasoc_hi_7375	HATE
hasoc_hi_6953	HATE
hasoc_hi_1211	NONE
hasoc_hi_2277	NONE
hasoc_hi_5669	NONE
hasoc_hi_1176	NONE
hasoc_hi_1560	NONE
hasoc_hi_6294	NONE
hasoc_hi_3538	NONE
hasoc_hi_1549	NONE
hasoc_hi_6730	NONE
hasoc_hi_3151	NONE
hasoc_hi_2957	HATE
hasoc_hi_6334	HATE
hasoc_hi_5544	HATE
hasoc_hi_312	NONE
hasoc_hi_6782	PRFN
hasoc_hi_2451	NONE
hasoc_hi_4547	OFFN
hasoc_hi_6633	OFFN
hasoc_hi_3377	NONE
hasoc_hi_5957	OFFN
hasoc_hi_1109	PRFN
hasoc_hi_2370	NONE
hasoc_hi_2132	OFFN
hasoc_hi_7498	HATE
hasoc_hi_3172	NONE
hasoc_hi_6983	NONE
hasoc_hi_2446	NONE
hasoc_hi_5991	PRFN
hasoc_hi_5065	NONE
hasoc_hi_282	OFFN
hasoc_hi_3955	OFFN
hasoc_hi_1377	OFFN
hasoc_hi_3307	PRFN
hasoc_hi_6408	NONE
hasoc_hi_5432	NONE
hasoc_hi_2443	NONE
hasoc_hi_90	HATE
hasoc_hi_3615	OFFN
hasoc_hi_7135	OFFN
hasoc_hi_5935	NONE
hasoc_hi_3244	NONE
hasoc_hi_7265	NONE
hasoc_hi_5881	HATE
hasoc_hi_7200	NONE
hasoc_hi_5006	PRFN
hasoc_hi_7203	NONE
hasoc_hi_5715	HATE
hasoc_hi_5290	HATE
hasoc_hi_5793	HATE
hasoc_hi_5671	NONE
hasoc_hi_3064	PRFN
hasoc_hi_1657	PRFN
hasoc_hi_1069	PRFN
hasoc_hi_6384	NONE
hasoc_hi_5244	NONE
hasoc_hi_5110	PRFN
hasoc_hi_2708	PRFN
hasoc_hi_505	NONE
hasoc_hi_5484	PRFN
hasoc_hi_5471	HATE
hasoc_hi_6807	OFFN
hasoc_hi_3971	PRFN
hasoc_hi_2272	PRFN
hasoc_hi_1652	NONE
hasoc_hi_3755	PRFN
hasoc_hi_1695	HATE
hasoc_hi_7785	PRFN
hasoc_hi_2650	PRFN
hasoc_hi_2040	NONE
hasoc_hi_6866	NONE
hasoc_hi_718	NONE
hasoc_hi_2836	NONE
hasoc_hi_4018	NONE
hasoc_hi_4298	OFFN
hasoc_hi_1258	NONE
hasoc_hi_5844	PRFN
hasoc_hi_1382	NONE
hasoc_hi_5786	NONE
hasoc_hi_1065	NONE
hasoc_hi_5867	NONE
hasoc_hi_2456	NONE
hasoc_hi_2003	NONE
hasoc_hi_1530	HATE
hasoc_hi_1818	NONE
hasoc_hi_2751	OFFN
hasoc_hi_3852	NONE
hasoc_hi_3088	OFFN
hasoc_hi_2510	NONE
hasoc_hi_626	NONE
hasoc_hi_2342	HATE
hasoc_hi_3670	PRFN
hasoc_hi_766	NONE
hasoc_hi_499	PRFN
hasoc_hi_5023	PRFN
hasoc_hi_1896	NONE
hasoc_hi_3767	NONE
hasoc_hi_3231	HATE
hasoc_hi_5611	NONE
hasoc_hi_5644	HATE
hasoc_hi_6430	NONE
hasoc_hi_6884	HATE
hasoc_hi_4557	NONE
hasoc_hi_7019	PRFN
hasoc_hi_7202	NONE
hasoc_hi_4355	NONE
hasoc_hi_1595	PRFN
hasoc_hi_2514	PRFN
hasoc_hi_3123	NONE
hasoc_hi_2289	NONE
hasoc_hi_2476	NONE
hasoc_hi_5742	NONE
hasoc_hi_1071	NONE
hasoc_hi_4828	OFFN
hasoc_hi_5917	NONE
hasoc_hi_6473	PRFN
hasoc_hi_6608	PRFN
hasoc_hi_4729	HATE
hasoc_hi_5082	NONE
hasoc_hi_5835	HATE
hasoc_hi_1415	NONE
hasoc_hi_2592	PRFN
hasoc_hi_1317	HATE
hasoc_hi_5043	HATE
hasoc_hi_337	NONE
hasoc_hi_73	NONE
hasoc_hi_7205	NONE
hasoc_hi_5154	NONE
hasoc_hi_7708	PRFN
hasoc_hi_4651	HATE
hasoc_hi_4996	NONE
hasoc_hi_4560	NONE
hasoc_hi_7558	NONE
hasoc_hi_1988	NONE
hasoc_hi_7253	PRFN
hasoc_hi_5208	NONE
hasoc_hi_1106	NONE
hasoc_hi_5028	PRFN
hasoc_hi_1625	OFFN
hasoc_hi_5965	HATE
hasoc_hi_7140	NONE
hasoc_hi_987	HATE
hasoc_hi_4884	NONE
hasoc_hi_3358	NONE
hasoc_hi_5904	NONE
hasoc_hi_4887	NONE
hasoc_hi_7698	NONE
hasoc_hi_3498	HATE
hasoc_hi_5731	NONE
hasoc_hi_6518	NONE
hasoc_hi_2124	HATE
hasoc_hi_7105	HATE
hasoc_hi_3259	OFFN
hasoc_hi_4937	NONE
hasoc_hi_4165	PRFN
hasoc_hi_4035	OFFN
hasoc_hi_2804	NONE
hasoc_hi_5803	OFFN
hasoc_hi_724	PRFN
hasoc_hi_2773	OFFN
hasoc_hi_7231	PRFN
hasoc_hi_769	PRFN
hasoc_hi_5725	NONE
hasoc_hi_2519	NONE
